Feature,Wilcoxon_stat,Wilcoxon_p,Effect_size,Significant
age,0.0,9.238207626672069e-178,0.8662263170446709,True
uNE,156072.0,1.8995935243848616e-39,0.4004451786105507,True
HRV_Prc80NN,215119.5,3.507652067277967e-13,0.22162802684228586,True
HRV_MeanNN,216638.0,5.604094105561523e-13,0.219692062913096,True
HRV_pNN20,216869.0,6.615334150750682e-13,0.2190026667217327,True
HRnooutliers.0,216628.0,7.610246520037822e-13,0.21841880077057246,True
HR_5min.0,216628.0,7.610246520037822e-13,0.21841880077057246,True
HR,217542.0,1.069566985542856e-12,0.21699416612957892,True
HRV_MedianNN,217143.0,2.0417533100157514e-12,0.21426263291865397,True
HRV_IALS,220534.0,8.598360814436304e-12,0.20806484403192044,True
HRV_Prc20NN,219699.5,8.885076911212494e-12,0.2079213736132837,True
lnHF.0,220965.0,1.1529114326811032e-11,0.2067785680211949,True
HRV_pNN50,220821.0,2.56055751585493e-11,0.20323970730783547,True
HRV_PSS,221898.5,2.9094972326980216e-11,0.2026676032382281,True
HRV_PIP,223031.5,4.5919976240405344e-11,0.20061130740790706,True
lnRMSSD.0,226275.0,3.7061744407635203e-10,0.1909314088171285,True
HRV_ShanEn,226396.0,3.9987969688036274e-10,0.19057029652641436,True
HRV_SDANN1,226719.0,4.894829326648994e-10,0.18960633561814444,True
RMSSD.0,229365.0,2.472126105792857e-09,0.18170961560798252,True
HF.0,229546.0,2.7551270984639914e-09,0.18116943937145974,True
lnSDNN.0,229732.0,3.078748673066163e-09,0.1806143411394529,True
SAI_idx,229131.5,3.6986790045222224e-09,0.1796938430156495,True
BAI_idx,229410.5,4.364977862000913e-09,0.17885887199961334,True
PAI_idx,230816.5,9.946081677960012e-09,0.17465116651424042,True
SDNN.0,232661.0,1.6958268900712153e-08,0.17187303618489352,True
HF,232744.0,1.7777572444287764e-08,0.17162533105985817,True
HRV_CVI,233967.0,3.5364558742094853e-08,0.16797541096445834,True
HRV_MadNN,227142.0,7.729918509650697e-08,0.16373254065973425,True
HRV_IQRNN,234049.0,7.922443201973117e-08,0.16359737798933077,True
HRV_MaxNN,234570.0,8.184960152110312e-08,0.16341811483881516,True
HRV_SampEn,236818.0,1.6648037931866358e-07,0.1594668891394502,True
HRV_HTI,238173.5,3.3862500815137734e-07,0.15542153662962077,True
HRV_SDNNa,239001.0,5.179866664254424e-07,0.15295194591111178,True
TOTAL,239491.0,6.642431384728814e-07,0.15148959035367443,True
HRV_SD2a,239557.0,6.867540585161869e-07,0.1512926200132849,True
HRV_SDNN,240058.0,8.83285724147046e-07,0.14979743606578258,True
HRV_SD1d,240069.0,8.881568552613099e-07,0.14976460767571767,True
HRV_SD2,240997.0,1.4068101935613101e-06,0.14699508531387706,True
pCRP,241272.0,1.6097634363695147e-06,0.14617437556225404,True
HRV_SDNNd,241303.0,1.6343329174472688e-06,0.14608185919025293,True
HRV_SDNNI1,242108.0,2.414439147508832e-06,0.14367941791732006,True
HRV_RMSSD,242754.0,3.2880287594102023e-06,0.14175149610078017,True
HRV_SD1,242760.0,3.29741376907315e-06,0.1417335897061993,True
HRV_SDSD,242760.0,3.29741376907315e-06,0.1417335897061993,True
HRV_MFDFA_alpha1_Peak,243680.0,5.084719261019135e-06,0.13898794253713315,True
LF.0,243762.0,5.28283602620007e-06,0.13874322181119467,True
HRV_SD2d,243773.0,5.309968327275534e-06,0.13871039342112973,True
VLF,244751.0,8.336039264553764e-06,0.13579165110444863,True
HRV_SD1a,245172.0,1.0094766270029678e-05,0.13453521908469118,True
HRV_S,245275.0,1.0576163102839398e-05,0.13422782597771962,True
HRV_LZC,245680.0,1.5698732062217013e-05,0.13159519811631135,True
LF,246760.0,2.0479018923340334e-05,0.1297959933189553,True
HRV_HFD,247526.0,2.856934563419356e-05,0.1275099436107981,True
HRV_TINN,234149.0,3.297338301291288e-05,0.12651397164420536,True
HRV_DFA_alpha2,249700.0,7.137460194243799e-05,0.12102185997433101,True
HRV_MCVNN,250242.0,8.907497381133528e-05,0.11940431566385942,True
pNPY,250425.0,0.00011655032756892114,0.11741448792273786,True
LFHF,251455.0,0.00014483049462402369,0.1157842395594277,True
Sympathetic_vagalbalance.0,251531.0,0.00014924258207858635,0.11555742522807007,True
LFHF.0,251531.0,0.00014924258207858635,0.11555742522807007,True
HRV_FuzzyEn,251711.0,0.0001602022644038904,0.1150202333906441,True
HRV_CVSD,251802.0,0.00016602703864379586,0.11474865307283429,True
HRV_PI,252658.0,0.00027877562200140523,0.11074103670273497,True
HRV_ApEn,254150.0,0.00040651344810418294,0.10774128399352208,True
HRV_CVNN,255056.0,0.0005666719586779098,0.1050374184118113,True
uE,255178.0,0.0005922578646954496,0.10467332172200036,True
lnVLF.0,257952.0,0.0015591278342722286,0.09639459862744666,True
HRV_HFn,258273.0,0.0017361524048479164,0.09543660651737035,True
HRV_CSI,259103.0,0.0022829582050344533,0.09295955526701723,True
HRV_SDRMSSD,259159.0,0.002325008334346077,0.09279242891759582,True
HRV_DFA_alpha1,259428.0,0.0025370604026450326,0.09198962556055365,True
HRV_LFHF,260008.0,0.0030556826202259944,0.09025867408440327,True
Vagal.0,260104.0,0.0031503061344854925,0.08997217177110942,True
HRV_CSI_Modified,261082.0,0.004278121436615826,0.08705342945442826,True
HRV_Ca,261599.0,0.00501208696541583,0.08551049512137698,True
HRV_Cd,261599.0,0.00501208696541583,0.08551049512137698,True
HRV_SD1SD2,261603.0,0.005018184486898393,0.08549855752498972,True
HRV_MFDFA_alpha2_Peak,261793.0,0.005315657552445359,0.08493152169659565,True
HRV_VLF,261979.0,0.005622202401985246,0.0843764234645888,True
CAPSF1I23s_lenient.0,7960.0,0.006922651100971629,0.08228925866634332,True
HRV_CD,262998.0,0.007602392562816072,0.0813353207849384,True
lnLFHF.0,263420.0,0.008591243972979428,0.08007590436608417,True
HRV_C2d,264170.0,0.010635586514282886,0.07783760504347592,True
HRV_C2a,264170.0,0.010635586514282886,0.07783760504347592,True
HRV_MFDFA_alpha2_Mean,265397.0,0.014921620454948418,0.07417574735168884,True
VLF.0,266192.0,0.0184524058432293,0.07180315006972408,True
HRV_LnHF,266442.0,0.019704510350872086,0.07105705029552135,True
HRV_C1d,267309.0,0.024639227093113763,0.06846957627858621,True
HRV_C1a,267309.0,0.024639227093113763,0.06846957627858621,True
HRV_MinNN,268754.0,0.0505149879317053,0.05958913762451965,False
HRV_MFDFA_alpha1_Mean,271060.0,0.06015775207582658,0.05727509526644818,False
HRV_MFDFA_alpha2_Max,263088.0,0.062350161288321715,0.05679248205341274,False
HRV_SI,271325.0,0.06378477357601116,0.056484229505793265,False
HRV_KFD,271341.0,0.06400942463840018,0.056436479120244284,False
Sympathetic.0,271504.0,0.0663355021571504,0.055950022067464085,False
HRV_CMSEn,271548.0,0.06697520056529357,0.0558187085072044,False
HRV_HF,271916.0,0.07252663220749868,0.05472044963957796,False
HRV_MFDFA_alpha2_Fluctuation,273249.0,0.09586434778971654,0.050742245643528916,False
HRV_GI,274063.0,0.1128485377854375,0.048312944778724755,False
HRV_AI,277366.0,0.20694181008865076,0.03845547456195806,False
HRV_VHF,277449.0,0.20988188821610976,0.03820776943692273,False
HRV_MFDFA_alpha1_Fluctuation,278310.0,0.24217685935854028,0.03563820181456848,False
HRV_MFDFA_alpha1_Increment,281950.0,0.4161850237353637,0.024774989102176462,False
HRV_TP,282404.0,0.4421353289738572,0.02342007191222427,False
HRV_MFDFA_alpha2_Increment,283560.0,0.5122279334283799,0.019970106556310763,False
HRV_MFDFA_alpha2_Delta,284087.0,0.54600481472353,0.018397328232291368,False
HRV_PAS,258709.0,0.5822698706963052,0.016761459240054122,False
HRV_MFDFA_alpha1_Delta,285249.0,0.6241692111805213,0.014929456481796995,False
HRV_MFDFA_alpha1_Width,285324.0,0.6293765696335907,0.014705626549536171,False
HRV_MFDFA_alpha2_Asymmetry,269640.0,0.6329471032155591,0.01455261091016918,False
CAPSF1I2s_stringent.0,2968.0,0.6350870787543649,0.014461077822792691,False
HRV_RCMSEn,286055.0,0.6810654862936227,0.01252403080976733,False
HRV_LF,286803.0,0.735551812287224,0.010291700285352711,False
HRV_MFDFA_alpha1_Max,287312.0,0.7734250370347414,0.008772641145075913,False
HRV_MFDFA_alpha1_Asymmetry,286359.0,0.7821090174226468,0.008427521064176243,False
HRV_MSEn,288155.0,0.8373116432139369,0.006256792706464246,False
HRV_LFn,288179.0,0.8391484570638049,0.006185167128140785,False
HRV_MFDFA_alpha2_Width,290202.0,0.9961318054323737,0.00014772775529214524,False
