Feature,Mann_Whitney_U,MW_p_value,Cohen_d,Significant
uNE,898978.0,7.161865537445994e-64,-0.6395935534725709,True
age,1038259.0,9.607957818709186e-33,-0.2716159564007248,True
HRV_SDANN1,1607490.0,7.812746326428508e-17,0.1016598063549794,True
HRV_Prc80NN,1593314.5,4.889187460796169e-15,0.2947744483253517,True
HRV_MeanNN,1589911.5,1.2715061969823031e-14,0.2885446070445482,True
HR,1156558.5,1.2715061969823031e-14,-0.30526421245764346,True
HRnooutliers.0,1157027.5,1.4488718853795698e-14,-0.3051300554542692,True
HR_5min.0,1157027.5,1.4488718853795698e-14,-0.3051300554542692,True
HRV_MedianNN,1585043.0,4.866011746281585e-14,0.28196527853246434,True
HRV_pNN50,1575677.5,5.920981574167851e-13,0.2416544177597885,True
HRV_Prc20NN,1575521.0,6.168978087129893e-13,0.2670120752270347,True
HRV_pNN20,1572846.0,1.2339379316847053e-12,0.28770890243282804,True
SDNN.0,1572306.0,1.417748293296954e-12,0.227099137370669,True
lnSDNN.0,1572306.0,1.417748293296954e-12,0.26540956484075606,True
HRV_ShanEn,1568705.5,3.5453865279203916e-12,0.26503505121321297,True
TOTAL,1567938.0,4.301425604320442e-12,0.14936679621468424,True
PAI_idx,1567391.0,4.9342253270806345e-12,0.23793867399996352,True
BAI_idx,1179079.0,4.9342253270806345e-12,-0.12286258500556857,True
SAI_idx,1179079.0,4.9342253270806345e-12,-0.18494936604305784,True
HRV_IQRNN,1566029.0,6.931133450798394e-12,0.19938020213032676,True
lnRMSSD.0,1565132.5,8.665094710106358e-12,0.25496450344928123,True
RMSSD.0,1565132.5,8.665094710106358e-12,0.20642290021049312,True
HRV_MadNN,1564496.5,1.009043818514454e-11,0.2105740096381971,True
LF,1557713.0,5.268881694366362e-11,0.13659395945816616,True
lnHF.0,1556984.0,6.268227585444532e-11,0.24461064366220978,True
HF.0,1556984.0,6.268227585444532e-11,0.1327360393335801,True
HRV_HTI,1553699.5,1.3596283523321636e-10,0.2197891430210605,True
uE,1553438.0,1.445285170245069e-10,0.24552289897685278,True
HF,1553344.0,1.4773353660217763e-10,0.13300930338726746,True
HRV_SD2a,1553151.0,1.5453326232955438e-10,0.15312529614845777,True
HRV_SDNNa,1552037.0,2.0018535092712854e-10,0.13758005118070354,True
HRV_SD2,1551225.0,2.4151726627594473e-10,0.14756966188034326,True
LF.0,1551146.0,2.459574561206072e-10,0.15538437473892266,True
HRV_SDNN,1550260.0,3.015522555712588e-10,0.13325366257436969,True
HRV_TINN,1549608.0,3.4716747843125786e-10,0.19919593344741718,True
HRV_SDNNd,1547183.0,6.073613695898507e-10,0.12954412573136953,True
HRV_CVI,1546144.0,7.673217457625443e-10,0.23861489116296164,True
HRV_S,1546144.0,7.673217457625443e-10,0.033459987865494374,True
VLF,1545280.0,9.310337910021936e-10,0.11672501444221918,True
HRV_SD2d,1544832.0,1.0288615419352032e-09,0.1398435811895536,True
HRV_MaxNN,1543243.5,1.4632386606158792e-09,0.09660807887063048,True
HRV_PSS,1542522.0,1.715457946326347e-09,0.21841326719536983,True
habituation,1542078.5,1.890921181845234e-09,0.1596319379384551,True
HRV_SDNNI1,1540584.0,2.6208835281275757e-09,0.1212602921523427,True
HRV_SD1d,1539424.0,3.3702032581453526e-09,0.11130045521889671,True
HRV_SDSD,1532784.0,1.3768992939250934e-08,0.10877512561319143,True
HRV_SD1,1532784.0,1.3768992939250934e-08,0.10877512561319111,True
HRV_RMSSD,1532755.0,1.3852239490144117e-08,0.1087754341240346,True
HRV_IALS,1532451.0,1.475475236029631e-08,0.2081090822699974,True
p90,1528623.5,3.202869588488624e-08,0.06979818601456432,True
HRV_SD1a,1526039.0,5.440717258113729e-08,0.1060572081279611,True
HRV_PIP,1525626.0,5.9074725176091724e-08,0.19948732755569382,True
negant,1520943.0,1.4804342112606756e-07,0.12368411490922371,True
HRV_MCVNN,1516778.5,3.2764022941419554e-07,0.16014811149654565,True
HRV_PI,1511631.5,8.491942067321528e-07,0.1747944080864627,True
p95,1511247.0,9.037985721173776e-07,0.0897475235148241,True
HRV_SampEn,1507808.0,1.6872958360907158e-06,0.17952644052232022,True
HRV_CSI_Modified,1505345.0,2.6010647612797144e-06,0.1419362235006874,True
HRV_CVNN,1503944.0,3.316133135674754e-06,0.09972450655958442,True
HRV_CVSD,1503352.0,3.671901720652669e-06,0.08551980195757146,True
p100,1502438.0,4.291518174867561e-06,0.049402077688715865,True
HRV_LZC,1490814.5,2.8756741272196014e-05,0.14773174552067891,True
HRV_DFA_alpha2,1257356.0,3.746281465224661e-05,-0.14806402988819153,True
VLF.0,1485979.0,6.044638015832339e-05,0.058172086022201835,True
lnVLF.0,1485979.0,6.044638015832339e-05,0.16231926533285734,True
p105,1484440.0,7.610843502170954e-05,0.0724678872384856,True
isi120,1267152.5,0.0001605625745417369,-0.1280315288861162,True
HRV_HFD,1477509.0,0.00020748425501230494,0.15435899597573347,True
p85,1472915.5,0.0003861118492857491,0.04358384991957875,True
pCRP,1471741.0,0.0004574348425373251,0.08170381706061165,True
HRV_MFDFA_alpha1_Peak,1275472.0,0.0005050111559209119,-0.13484081810300888,True
HRV_SI,1280162.0,0.0009288725620152339,-0.08981388278724912,True
p114_t1,1465836.0,0.0009861741315699522,0.07978155510482027,True
HRV_VLF,1282773.0,0.0012893601010776931,-0.10911468922584898,True
HRV_GI,1283568.5,0.0014225501309351432,-0.09483367201618537,True
HRV_Ca,1462140.0,0.001561822123563368,0.11140481785864838,True
HRV_Cd,1284330.0,0.001561822123563368,-0.11140481785864838,True
base,1460960.0,0.0018026013183816832,0.04446611998185706,True
HRV_FuzzyEn,1460546.0,0.0018948621733285039,0.12579329332715353,True
HRV_C2d,1286026.0,0.0019182489142935723,-0.11022961677979695,True
HRV_C2a,1460444.0,0.0019182489142935723,0.11022961677979612,True
HRV_HFn,1458030.0,0.002555229054700834,0.10519677576956205,True
HRV_ApEn,1455595.0,0.0033885986346873774,0.11827515935596293,True
pNPY,1452163.5,0.00498483703156313,0.12962183988120884,True
HRV_AI,1294840.0,0.005286594908501437,-0.09121470120858514,True
HRV_CD,1451517.0,0.00535258820465833,0.11172429895430117,True
HRV_C1d,1446573.0,0.009077564709384733,0.09294409733400848,True
HRV_C1a,1299897.0,0.009077564709384733,-0.09294409733400666,True
HRV_MFDFA_alpha1_Mean,1300292.0,0.009457269723591675,-0.09194326365278958,True
Vagal.0,1443480.5,0.012451001520243338,0.07663821364037944,True
HRV_HF,1441520.0,0.015125958721368321,0.08377257002288606,True
HRV_LnHF,1441520.0,0.015125958721368321,0.08297173045180713,True
HRV_MFDFA_alpha2_Mean,1305270.0,0.015607598072132144,-0.07286336284883466,True
HRV_SDRMSSD,1305478.0,0.01592785288559708,-0.11156917911317421,True
HRV_MFDFA_alpha2_Peak,1305618.0,0.0161466492167732,-0.08789779891718398,True
HRV_CSI,1306814.0,0.01812601457859346,-0.10916764166553332,True
HRV_SD1SD2,1439656.0,0.01812601457859346,0.08362937588410763,True
HRV_DFA_alpha1,1312492.0,0.030693150385307923,-0.09546082547115498,True
pospic,1429756.0,0.04434222037241831,0.04241253983066316,True
LFHF.0,1317181.0,0.04612928767442225,-0.11000216944756173,True
Sympathetic_vagalbalance.0,1317181.5,0.04613123086909765,-0.11000217203494186,True
lnLFHF.0,1317181.5,0.04613123086909765,-0.06652762257450423,True
isi60,1318126.5,0.04992553853538035,-0.05443650486432865,True
LFHF,1318943.0,0.05341854155311352,-0.1313598155097222,False
CAPSF1I23s_lenient.0,1341023.0,0.05715852124318751,-0.06745113563706788,False
HRV_MFDFA_alpha2_Max,1322471.5,0.07066218619138773,-0.06495482934121781,False
HRV_MFDFA_alpha1_Fluctuation,1323284.0,0.07555463371804035,-0.017172380019474087,False
HRV_KFD,1422467.0,0.07985931717554408,0.06437369456353222,False
p80,1419563.5,0.09894962290981198,0.002093700602113907,False
HRV_LFHF,1327736.0,0.10551302070810296,-0.005025281516428838,False
HRV_MFDFA_alpha2_Fluctuation,1329324.0,0.11824126297616235,0.019709192323672672,False
Sympathetic.0,1330820.0,0.1313050765634219,-0.04109038305173833,False
HRV_MFDFA_alpha1_Delta,1413913.0,0.1478469815941769,0.040770335058551994,False
posant,1411704.0,0.1711211443885723,0.013444159837616775,False
HRV_MinNN,1411662.0,0.1715938550950138,0.028246510175071182,False
HRV_TP,1410579.0,0.18399151327225471,0.04677254571997426,False
HRV_MFDFA_alpha1_Increment,1336533.0,0.19164620077651295,-0.034891288100672185,False
HRV_MFDFA_alpha1_Max,1407283.0,0.2257790470940112,0.03356134536171316,False
HRV_MFDFA_alpha1_Asymmetry,1342387.0,0.27244103544277687,-0.026372553945130828,False
HRV_CMSEn,1403122.0,0.28766030595158876,0.04960738084609991,False
HRV_LF,1398987.0,0.35958408285207655,0.0369456061723512,False
HRV_MFDFA_alpha2_Width,1398081.0,0.37673656483373896,0.02877164503626124,False
HRV_MSEn,1352930.0,0.47006661960864704,-0.005424992722023026,False
HRV_MFDFA_alpha1_Width,1356745.0,0.5574422321803134,-0.030930189301238867,False
HRV_VHF,1384776.0,0.6813842513831803,-0.006609626668414386,False
HRV_MFDFA_alpha2_Delta,1363120.0,0.7189650655136243,-0.022689578523723723,False
HRV_LFn,1383219.0,0.7224534486111717,0.0033000848774481285,False
HRV_MFDFA_alpha2_Asymmetry,1383030.5,0.7272897612980134,0.0028180020977695195,False
HRV_PAS,1363672.0,0.733182080153933,0.03143275984325556,False
CAPSF1I2s_stringent.0,1377158.0,0.7572364880653641,0.010957186315902489,False
negpic,1379851.5,0.8139162366382194,-0.022231438431552546,False
HRV_RCMSEn,1367852.0,0.8481397320440022,-0.00235335301358583,False
isi30,1368893.5,0.8772611611763782,-0.007385289331320316,False
HRV_MFDFA_alpha2_Increment,1376777.0,0.8997354840099485,0.01794524114222294,False
